t,qx,qy,qz,qw
0.0000000000,0.1518759808,0.1901743432,-0.0878953701,0.9659408934
0.0200000000,0.1545544247,0.1962560611,-0.0844873263,0.9646027058
0.0360000000,0.1567430965,0.2008350552,-0.0817445212,0.9635427938
0.0600000000,0.1600916427,0.2072229654,-0.0776252229,0.9619790192
0.0800000000,0.1629316379,0.2121131270,-0.0741884050,0.9607067103
0.1000000000,0.1658019722,0.2166195403,-0.0707425697,0.9594692124
0.1240000000,0.1692760388,0.2215683295,-0.0665997339,0.9580279607
0.1440000000,0.1721915773,0.2254012407,-0.0631532859,0.9568469072
0.1600000000,0.1745334236,0.2282963085,-0.0604016402,0.9559134487
0.1800000000,0.1774661564,0.2316944418,-0.0569675399,0.9547660176
0.1960000000,0.1798120521,0.2342327756,-0.0542246006,0.9538670376
0.2160000000,0.1827364457,0.2371750571,-0.0507991540,0.9527721814
0.2320000000,0.1850670020,0.2393470098,-0.0480687423,0.9519204850
0.2520000000,0.1879625710,0.2418460881,-0.0446600764,0.9508869645
0.2760000000,0.1914028884,0.2445410763,-0.0405719413,0.9496939054
0.3000000000,0.1947940036,0.2469131253,-0.0364823212,0.9485558734
0.3160000000,0.1970201476,0.2483208587,-0.0337538142,0.9478293584
0.3360000000,0.1997572609,0.2498914387,-0.0303382598,0.9469587613
0.3600000000,0.2029747557,0.2515110670,-0.0262451945,0.9459675584
0.3760000000,0.2050782340,0.2524440634,-0.0235203465,0.9453368215
0.4000000000,0.2081613975,0.2536315805,-0.0194248339,0.9444376792
0.4200000000,0.2106683785,0.2544565850,-0.0160055384,0.9437237432
0.4480000000,0.2141040027,0.2555260289,-0.0111977066,0.9427303623
0.4720000000,0.2169605023,0.2564067534,-0.0069545455,0.9418786289
0.4920000000,0.2192964171,0.2570848232,-0.0034355075,0.9411719675
0.5080000000,0.2211332089,0.2575780915,-0.0006224547,0.9406132272
0.5240000000,0.2229434730,0.2580212571,0.0021879230,0.9400619403
0.5480000000,0.2256126114,0.2585842918,0.0063904151,0.9392509123
0.5680000000,0.2277992281,0.2589561302,0.0098753242,0.9385902792
0.5840000000,0.2295302728,0.2591791668,0.0126361060,0.9380737403
0.6000000000,0.2312570732,0.2593218575,0.0153252789,0.9375699847
0.6160000000,0.2329763373,0.2593960048,0.0179801002,0.9370765470
0.6320000000,0.2346822478,0.2594032933,0.0206262795,0.9365942187
0.6480000000,0.2363778109,0.2593445060,0.0232633364,0.9361222008
0.6680000000,0.2384955244,0.2591723913,0.0265018054,0.9355464770
0.6920000000,0.2410264951,0.2588329977,0.0303676480,0.9348740631
0.7120000000,0.2431242176,0.2584393497,0.0335927410,0.9343293023
0.7320000000,0.2452230256,0.2579358382,0.0368054221,0.9337987642
0.7520000000,0.2473306979,0.2573249716,0.0400013720,0.9332798482
0.7720000000,0.2494368651,0.2566233254,0.0432069797,0.9327694657
0.7920000000,0.2515467138,0.2558418582,0.0464219981,0.9322629417
0.8120000000,0.2536849651,0.2550437900,0.0496397334,0.9317362827
0.8360000000,0.2563091785,0.2541162338,0.0534950216,0.9310579077
0.8560000000,0.2585392616,0.2533544077,0.0567069504,0.9304586590
0.8800000000,0.2612480401,0.2524476013,0.0606206050,0.9297014641
0.8960000000,0.2630799381,0.2518203337,0.0632297907,0.9291810692
0.9120000000,0.2649336500,0.2511670863,0.0658320335,0.9286503105
0.9320000000,0.2672817244,0.2503073155,0.0690733302,0.9279739235
0.9480000000,0.2691825830,0.2495815725,0.0716729629,0.9274226448
0.9720000000,0.2720776373,0.2484038460,0.0755427978,0.9265865174
0.9960000000,0.2750427065,0.2471029945,0.0793159372,0.9257432699
1.0160000000,0.2775519461,0.2459283673,0.0824530960,0.9250327791
1.0360000000,0.2800964233,0.2446590221,0.0855749854,0.9243186022
1.0520000000,0.2821579584,0.2435649827,0.0880478100,0.9237481090
1.0720000000,0.2847628974,0.2420917685,0.0911158977,0.9230382230
1.0920000000,0.2873920488,0.2404969973,0.0941795647,0.9223324857
1.1160000000,0.2906104008,0.2383799039,0.0977414099,0.9215027038
1.1320000000,0.2927878534,0.2368598519,0.1000645349,0.9209559014
1.1520000000,0.2955637926,0.2348977141,0.1029227088,0.9202564993
1.1720000000,0.2984025919,0.2328776614,0.1057315682,0.9195350583
1.1920000000,0.3012903708,0.2307890505,0.1085006224,0.9187971167
1.2120000000,0.3042081152,0.2286203059,0.1112423218,0.9180497395
1.2360000000,0.3077413100,0.2258771689,0.1144479953,0.9171567189
1.2520000000,0.3101012071,0.2239606469,0.1165533616,0.9165665191
1.2720000000,0.3130383849,0.2214694633,0.1191720506,0.9158363766
1.2880000000,0.3153712597,0.2193932563,0.1212528309,0.9152624315
1.3080000000,0.3182565387,0.2166958770,0.1238403519,0.9145595878
1.3360000000,0.3222126814,0.2127347306,0.1274543148,0.9136073117
1.3560000000,0.3249646712,0.2097744368,0.1300279152,0.9129542099
1.3800000000,0.3281717214,0.2060801243,0.1331080425,0.9122042275
1.4040000000,0.3312673009,0.2022452207,0.1361786792,0.9114901060
1.4240000000,0.3337583502,0.1989540668,0.1387425756,0.9109188442
1.4400000000,0.3357128715,0.1963024011,0.1408229635,0.9104565493
1.4600000000,0.3381354813,0.1929789255,0.1434046324,0.9098673760
1.4800000000,0.3405280015,0.1896203133,0.1459533246,0.9092757799
1.5000000000,0.3428885718,0.1861949769,0.1484397385,0.9086938439
1.5160000000,0.3447391577,0.1834122993,0.1504111843,0.9082352764
1.5400000000,0.3474448081,0.1791541740,0.1533250696,0.9075666974
1.5600000000,0.3496307399,0.1755274291,0.1557069124,0.9070302226
1.5760000000,0.3513321010,0.1725731353,0.1575654422,0.9066186625
1.5960000000,0.3533871438,0.1688190788,0.1598587808,0.9061251654
1.6120000000,0.3549770786,0.1657587860,0.1616303744,0.9057543379
1.6280000000,0.3565116211,0.1626594392,0.1633806416,0.9053994349
1.6520000000,0.3587058309,0.1579384272,0.1659695871,0.9048976054
1.6680000000,0.3600908557,0.1547409642,0.1676716093,0.9045861159
1.6840000000,0.3614100086,0.1515020058,0.1693555650,0.9042945541
1.7080000000,0.3632556088,0.1465607574,0.1718419138,0.9039002510
1.7280000000,0.3646693106,0.1423596550,0.1738681047,0.9036149095
1.7480000000,0.3659786607,0.1380592089,0.1758001161,0.9033789869
1.7720000000,0.3674190624,0.1328438026,0.1780833892,0.9031290401
1.7880000000,0.3683421039,0.1293793714,0.1795979070,0.9029560701
1.8080000000,0.3694513013,0.1250540933,0.1814623922,0.9027395028
1.8280000000,0.3704973738,0.1207286924,0.1832974147,0.9025288564
1.8440000000,0.3712792361,0.1172657839,0.1847478634,0.9023683792
1.8640000000,0.3721967699,0.1128783813,0.1864084444,0.9022083614
1.8840000000,0.3730318764,0.1084517983,0.1879545992,0.9020856363
1.9000000000,0.3736298734,0.1049104881,0.1891710975,0.9020026624
1.9200000000,0.3742890679,0.1004872534,0.1906614616,0.9019191830
1.9400000000,0.3748526709,0.0960799055,0.1921230236,0.9018552382
1.9560000000,0.3752320849,0.0925785498,0.1932808830,0.9018162756
1.9720000000,0.3755461889,0.0891056926,0.1944344160,0.9017873881
1.9920000000,0.3758566546,0.0847654987,0.1957939016,0.9017823094
2.0120000000,0.3760688722,0.0805068723,0.1972130431,0.9017748403
2.0280000000,0.3761713214,0.0771512704,0.1983399028,0.9017782995
2.0520000000,0.3762172874,0.0722155769,0.2000139813,0.9017981318
2.0680000000,0.3761815370,0.0690037011,0.2011251053,0.9018174053
2.0880000000,0.3760666641,0.0650920903,0.2025120696,0.9018457438
2.1120000000,0.3758660649,0.0605532186,0.2041243141,0.9018820729
2.1320000000,0.3756994958,0.0569388784,0.2054237359,0.9018918681
2.1480000000,0.3755633981,0.0541610119,0.2064479711,0.9018857766
2.1720000000,0.3753451258,0.0501601927,0.2079431678,0.9018645300
2.1960000000,0.3751067442,0.0463528268,0.2093893836,0.9018328182
2.2120000000,0.3749350328,0.0439245959,0.2103377492,0.9018050689
2.2320000000,0.3746975988,0.0409743286,0.2114543111,0.9017815080
2.2480000000,0.3744860081,0.0386819044,0.2123018919,0.9017715047
2.2640000000,0.3742563570,0.0364584458,0.2131286905,0.9017644494
2.2800000000,0.3740080528,0.0342938060,0.2139241785,0.9017640252
2.3040000000,0.3736027797,0.0311640921,0.2150727556,0.9017724060
2.3280000000,0.3731659792,0.0281840512,0.2161767300,0.9017873544
2.3440000000,0.3728586697,0.0262823850,0.2168939362,0.9017996835
2.3640000000,0.3724536030,0.0239764155,0.2177473129,0.9018256776
2.3800000000,0.3721159402,0.0221997169,0.2184063617,0.9018511855
2.4000000000,0.3716930860,0.0200696788,0.2192087905,0.9018807926
2.4240000000,0.3712693766,0.0176880320,0.2201626941,0.9018728134
2.4480000000,0.3709262283,0.0154727544,0.2210886158,0.9018282270
2.4640000000,0.3707312118,0.0140754453,0.2216874390,0.9017843034
2.4800000000,0.3705570427,0.0127265169,0.2222564180,0.9017358807
2.5000000000,0.3703617879,0.0110813224,0.2228851069,0.9016826379
2.5200000000,0.3701927772,0.0095051374,0.2234887394,0.9016206206
2.5400000000,0.3700419161,0.0079867278,0.2240645288,0.9015543686
2.5640000000,0.3698830572,0.0062387981,0.2247344063,0.9014666095
2.5800000000,0.3697874578,0.0051146934,0.2251674577,0.9014048436
2.5960000000,0.3696973483,0.0040172509,0.2255882263,0.9013421573
2.6160000000,0.3695829927,0.0026350674,0.2260314460,0.9012831150
2.6360000000,0.3694754741,0.0012857269,0.2264651880,0.9012212490
2.6520000000,0.3693918849,0.0002259860,0.2268000475,0.9011721937
2.6680000000,0.3693104178,-0.0008179638,0.2271216780,0.9011242365
2.6880000000,0.3692161968,-0.0020947659,0.2275248567,0.9010590722
2.7040000000,0.3691534141,-0.0030784844,0.2278895053,0.9009898186
2.7240000000,0.3690796102,-0.0042834203,0.2283341790,0.9009025454
2.7400000000,0.3690437976,-0.0052442920,0.2286479037,0.9008325643
2.7680000000,0.3691085776,-0.0068633924,0.2291755017,0.9006610579
2.7880000000,0.3692238113,-0.0079907123,0.2295300939,0.9005142207
2.8080000000,0.3693738115,-0.0091077854,0.2298619129,0.9003574494
2.8240000000,0.3695079953,-0.0099989879,0.2301126297,0.9002288816
2.8440000000,0.3696760368,-0.0111263391,0.2303609048,0.9000831550
2.8640000000,0.3698273831,-0.0122805960,0.2305447472,0.8999588953
2.8840000000,0.3699547447,-0.0134586409,0.2306878882,0.8998530158
2.9080000000,0.3700708407,-0.0148919736,0.2308458391,0.8997421856
2.9280000000,0.3701371851,-0.0161023881,0.2309761882,0.8996605904
2.9480000000,0.3701676132,-0.0173310180,0.2311012546,0.8995931214
2.9640000000,0.3701655032,-0.0183263152,0.2312022406,0.8995483146
2.9920000000,0.3700901711,-0.0201358091,0.2313072004,0.8995136427
3.0160000000,0.3699576607,-0.0217350149,0.2313782653,0.8995126551
3.0360000000,0.3698362753,-0.0230835840,0.2314412571,0.8995127693
3.0560000000,0.3697739297,-0.0244289173,0.2315130721,0.8994843892
3.0760000000,0.3697666018,-0.0257660743,0.2315953232,0.8994289165
3.0960000000,0.3698027833,-0.0270970705,0.2316944092,0.8993494043
3.1120000000,0.3698475234,-0.0281809767,0.2317450940,0.8992846343
3.1280000000,0.3699040292,-0.0292720122,0.2317794950,0.8992176734
3.1480000000,0.3699881543,-0.0306321569,0.2318350432,0.8991234339
3.1640000000,0.3700593880,-0.0317151321,0.2318896309,0.8990424900
3.1840000000,0.3701507668,-0.0330615641,0.2319726873,0.8989349338
3.2040000000,0.3702452637,-0.0343953989,0.2320770980,0.8988190151
3.2240000000,0.3703419399,-0.0357137477,0.2322044144,0.8986948791
3.2440000000,0.3704372451,-0.0370166487,0.2323546468,0.8985640396
3.2640000000,0.3705188928,-0.0383064105,0.2324900993,0.8984412739
3.2840000000,0.3705903607,-0.0395733391,0.2326495422,0.8983156048
3.3000000000,0.3706332489,-0.0405707833,0.2327929998,0.8982162466
3.3160000000,0.3706599806,-0.0415561613,0.2329500253,0.8981194519
3.3360000000,0.3706685586,-0.0427707697,0.2331781022,0.8979996958
3.3560000000,0.3706410394,-0.0439736594,0.2334301230,0.8978874734
3.3760000000,0.3705745395,-0.0451673509,0.2337054957,0.8977840288
3.3920000000,0.3704902006,-0.0461181318,0.2339319447,0.8977115207
3.4120000000,0.3703681225,-0.0473114767,0.2341934360,0.8976316130
3.4320000000,0.3702870054,-0.0485054722,0.2344807994,0.8975263269
3.4560000000,0.3702187007,-0.0499478563,0.2348585258,0.8973766200
3.4800000000,0.3701456312,-0.0514037898,0.2352972098,0.8972096105
3.5000000000,0.3700464901,-0.0526437423,0.2356660245,0.8970818003
3.5200000000,0.3699163896,-0.0539103059,0.2360660142,0.8969550605
3.5360000000,0.3697838680,-0.0549476289,0.2364065285,0.8968570691
3.5560000000,0.3695791564,-0.0562749899,0.2368573542,0.8967401889
3.5760000000,0.3693314216,-0.0576445426,0.2373346668,0.8966290558
3.5960000000,0.3690418146,-0.0590635897,0.2378413516,0.8965216801
3.6160000000,0.3687113202,-0.0605444160,0.2383655219,0.8964196640
3.6320000000,0.3684220860,-0.0617633818,0.2388269584,0.8963326030
3.6480000000,0.3681053698,-0.0630233286,0.2393045044,0.8962476504
3.6640000000,0.3677593350,-0.0643254246,0.2397972190,0.8961655009
3.6840000000,0.3672777306,-0.0660144734,0.2404351963,0.8960692352
3.7080000000,0.3666217545,-0.0681232148,0.2412625960,0.8959576310
3.7280000000,0.3660051261,-0.0699575166,0.2419868137,0.8958730800
3.7480000000,0.3653505004,-0.0718744940,0.2427285820,0.8957878680
3.7720000000,0.3645862405,-0.0742739002,0.2436733742,0.8956469995
3.7880000000,0.3640737125,-0.0759330485,0.2443279873,0.8955380163
3.8080000000,0.3634053458,-0.0780712827,0.2451606382,0.8953980628
3.8320000000,0.3625306553,-0.0807230771,0.2461814715,0.8952373941
3.8520000000,0.3617175098,-0.0830017969,0.2470512500,0.8951183300
3.8720000000,0.3608141754,-0.0853454002,0.2479048275,0.8950265303
3.8880000000,0.3600271883,-0.0872573733,0.2485974784,0.8949669649
3.9080000000,0.3589595254,-0.0896877136,0.2494755322,0.8949112425
3.9320000000,0.3575491405,-0.0926523063,0.2505562664,0.8948719012
3.9480000000,0.3565289949,-0.0946524413,0.2512886355,0.8948642427
3.9640000000,0.3554482798,-0.0966676771,0.2520330149,0.8948693983
3.9880000000,0.3537049407,-0.0997308506,0.2531500906,0.8949087127
4.0040000000,0.3524652379,-0.1017891453,0.2539038533,0.8949525458
4.0240000000,0.3508367431,-0.1043691068,0.2548642176,0.8950222901
4.0440000000,0.3491251635,-0.1069503129,0.2558481890,0.8951061138
4.0640000000,0.3473359105,-0.1095264341,0.2568613233,0.8952005284
4.0800000000,0.3458702905,-0.1115817177,0.2576909012,0.8952757463
4.1000000000,0.3440578994,-0.1141565038,0.2587572619,0.8953419089
4.1200000000,0.3422468444,-0.1167406699,0.2598072049,0.8953987546
4.1360000000,0.3407993471,-0.1188032625,0.2606630267,0.8954308328
4.1560000000,0.3389816540,-0.1213626869,0.2617609367,0.8954572846
4.1760000000,0.3371523437,-0.1238934201,0.2628893051,0.8954707873
4.1960000000,0.3353130036,-0.1263875362,0.2640529385,0.8954705053
4.2240000000,0.3327288369,-0.1298095244,0.2657491737,0.8954431222
4.2440000000,0.3308786153,-0.1322058180,0.2670054723,0.8954044010
4.2600000000,0.3293994749,-0.1340924066,0.2680413268,0.8953597375
4.2760000000,0.3279181282,-0.1359507957,0.2691035339,0.8953046243
4.2960000000,0.3260589909,-0.1382345896,0.2704620491,0.8952245599
4.3200000000,0.3238212907,-0.1409164439,0.2721357684,0.8951114182
4.3400000000,0.3219539294,-0.1431025236,0.2735687208,0.8950013911
4.3640000000,0.3196926855,-0.1456763525,0.2753072489,0.8948636242
4.3800000000,0.3181969210,-0.1473750138,0.2764821974,0.8947563463
4.4000000000,0.3163881521,-0.1495017683,0.2779770294,0.8945817624
4.4160000000,0.3149733346,-0.1512029020,0.2791877500,0.8944180685
4.4320000000,0.3135769317,-0.1528989247,0.2804135326,0.8942369247
4.4520000000,0.3118487204,-0.1550077759,0.2819664652,0.8939898643
4.4800000000,0.3094341816,-0.1579400573,0.2841872653,0.8936123454
4.5000000000,0.3076885685,-0.1600374087,0.2858006901,0.8933273410
4.5240000000,0.3055692676,-0.1625294657,0.2877629518,0.8929748479
4.5440000000,0.3037738524,-0.1645780344,0.2894235535,0.8926754863
4.5640000000,0.3019464317,-0.1665942346,0.2911036879,0.8923751208
4.5840000000,0.3000880094,-0.1685683073,0.2927956218,0.8920777075
4.6040000000,0.2981940049,-0.1704937529,0.2944954804,0.8917873220
4.6200000000,0.2966545205,-0.1719910439,0.2958743428,0.8915568123
4.6440000000,0.2942990297,-0.1741591067,0.2979527231,0.8912243609
4.6600000000,0.2926978296,-0.1755473425,0.2993434494,0.8910132493
4.6760000000,0.2910752320,-0.1768873646,0.3007382044,0.8908100819
4.7000000000,0.2886047651,-0.1788061347,0.3028470265,0.8905163302
4.7200000000,0.2865131264,-0.1803182247,0.3046091957,0.8902857991
4.7400000000,0.2843937834,-0.1817513070,0.3063858737,0.8900642307
4.7600000000,0.2822745551,-0.1831357010,0.3081713342,0.8898386479
4.7800000000,0.2801908637,-0.1845006582,0.3099668704,0.8895915503
4.8000000000,0.2781255833,-0.1858377805,0.3117690300,0.8893315193
4.8200000000,0.2760613855,-0.1871373225,0.3135869611,0.8890629628
4.8400000000,0.2739795499,-0.1883930485,0.3154202804,0.8887931774
4.8560000000,0.2722835097,-0.1893675513,0.3168696446,0.8885917224
4.8800000000,0.2696593401,-0.1907820976,0.3189714001,0.8883373669
4.9000000000,0.2674221338,-0.1919065441,0.3207268180,0.8881393972
4.9160000000,0.2655961186,-0.1927741051,0.3221259201,0.8879930956
4.9320000000,0.2637363684,-0.1936145318,0.3235170156,0.8878588186
4.9560000000,0.2608919657,-0.1948260495,0.3255909191,0.8876760367
4.9760000000,0.2584727124,-0.1958016383,0.3272858129,0.8875458140
4.9960000000,0.2560122566,-0.1967472496,0.3289640476,0.8874293773
5.0120000000,0.2540212160,-0.1974795645,0.3303036181,0.8873412891
5.0360000000,0.2510006937,-0.1985415407,0.3323111705,0.8872142889
5.0560000000,0.2484630280,-0.1993956472,0.3339873825,0.8871076191
5.0720000000,0.2464203893,-0.2000595494,0.3353269378,0.8870225551
5.0920000000,0.2438697558,-0.2008839096,0.3370032632,0.8869058561
5.1120000000,0.2413660010,-0.2017468376,0.3386938528,0.8867508901
5.1280000000,0.2393863674,-0.2024598006,0.3400524868,0.8866050431
5.1480000000,0.2369237472,-0.2033700578,0.3417487523,0.8864059724
5.1720000000,0.2339710164,-0.2044779755,0.3437777141,0.8861507796
5.1920000000,0.2315002411,-0.2054156916,0.3454484072,0.8859330844
5.2080000000,0.2295126760,-0.2061704504,0.3467757574,0.8857563158
5.2320000000,0.2265172588,-0.2072987206,0.3487569683,0.8854861653
5.2480000000,0.2245127421,-0.2080468039,0.3500715708,0.8853024632
5.2680000000,0.2219921779,-0.2089807860,0.3517057671,0.8850703686
5.2880000000,0.2194482245,-0.2099098417,0.3533238743,0.8848404235
5.3040000000,0.2173959216,-0.2106521522,0.3546066437,0.8846574548
5.3200000000,0.2153262656,-0.2113999153,0.3558715188,0.8844773243
5.3480000000,0.2116593705,-0.2127200493,0.3580526438,0.8841655930
5.3680000000,0.2089795035,-0.2136728196,0.3595426094,0.8839686676
5.3880000000,0.2062684687,-0.2146372637,0.3610085648,0.8837742811
5.4080000000,0.2035265716,-0.2156151075,0.3624493123,0.8835822294
5.4280000000,0.2007751161,-0.2166303990,0.3638745536,0.8833775706
5.4480000000,0.1980546173,-0.2177322185,0.3652918652,0.8831358349
5.4720000000,0.1948197906,-0.2191467002,0.3669848134,0.8828035567
5.4920000000,0.1921198197,-0.2203883898,0.3683593446,0.8825136405
5.5160000000,0.1888708764,-0.2219277318,0.3699859901,0.8821486502
5.5360000000,0.1861574410,-0.2232293593,0.3713385330,0.8818286422
5.5560000000,0.1834394532,-0.2245344624,0.3726863980,0.8814982082
5.5880000000,0.1790743494,-0.2265961986,0.3748183675,0.8809640921
5.6040000000,0.1768779212,-0.2275984412,0.3758403232,0.8807140297
5.6280000000,0.1735755577,-0.2290515199,0.3773418603,0.8803522292
5.6480000000,0.1708191572,-0.2302070078,0.3785763404,0.8800599432
5.6680000000,0.1680599862,-0.2312999786,0.3798027602,0.8797761217
5.6840000000,0.1658542490,-0.2321252003,0.3807808791,0.8795545359
5.7000000000,0.1636499512,-0.2329060255,0.3817519049,0.8793400707
5.7200000000,0.1609017493,-0.2338189117,0.3829576542,0.8790806440
5.7400000000,0.1581557252,-0.2346551112,0.3841472974,0.8788370721
5.7680000000,0.1543442454,-0.2357379602,0.3857990162,0.8785013302
5.7920000000,0.1511483004,-0.2366631596,0.3872076198,0.8781884760
5.8120000000,0.1485202928,-0.2374104479,0.3883769311,0.8779187669
5.8360000000,0.1453962334,-0.2382514761,0.3897707855,0.8775960940
5.8560000000,0.1428033056,-0.2388864638,0.3909163796,0.8773396477
5.8760000000,0.1402152873,-0.2394473872,0.3920553406,0.8770959080
5.8960000000,0.1376258899,-0.2399252631,0.3931864999,0.8768690660
5.9120000000,0.1355453551,-0.2402439930,0.3940722065,0.8767082620
5.9320000000,0.1329332181,-0.2405646936,0.3951546194,0.8765330653
5.9480000000,0.1308324792,-0.2407599035,0.3959965868,0.8764155604
5.9680000000,0.1281865444,-0.2409230480,0.3970179650,0.8762996236
5.9840000000,0.1260419429,-0.2409852098,0.3978035457,0.8762373516
6.0040000000,0.1233344121,-0.2409767670,0.3987510359,0.8761942889
6.0280000000,0.1200572351,-0.2408462598,0.3998520605,0.8761835819
6.0480000000,0.1173029017,-0.2406431333,0.4007382864,0.8762075881
6.0640000000,0.1150973759,-0.2404567320,0.4014300994,0.8762345744
6.0840000000,0.1123508195,-0.2402271609,0.4022778172,0.8762652351
6.1080000000,0.1090611864,-0.2399334959,0.4032651666,0.8763074692
6.1240000000,0.1068696522,-0.2397130870,0.4039072272,0.8763420937
6.1440000000,0.1041299287,-0.2393970873,0.4046906380,0.8763968736
6.1640000000,0.1013853048,-0.2390235183,0.4054468462,0.8764711248
6.1880000000,0.0980794357,-0.2384856475,0.4063191367,0.8765898581
6.2080000000,0.0953182928,-0.2379654944,0.4070157163,0.8767126400
6.2280000000,0.0925508109,-0.2373801217,0.4076814430,0.8768585212
6.2440000000,0.0903272530,-0.2368530566,0.4081789908,0.8770014415
6.2680000000,0.0869846616,-0.2359707325,0.4088922971,0.8772448754
6.2880000000,0.0841972987,-0.2351598395,0.4094589777,0.8774702333
6.3040000000,0.0819682349,-0.2344691003,0.4098942822,0.8776628777
6.3280000000,0.0786315101,-0.2333707473,0.4105154937,0.8779705060
6.3480000000,0.0758652774,-0.2324136477,0.4110168954,0.8782331511
6.3720000000,0.0725724124,-0.2313196855,0.4116408366,0.8785079793
6.3880000000,0.0703970316,-0.2306255828,0.4120490533,0.8786760928
6.4080000000,0.0676944151,-0.2297769092,0.4125523335,0.8788746272
6.4280000000,0.0650051730,-0.2289310465,0.4130453566,0.8790667988
6.4520000000,0.0617962532,-0.2278929699,0.4136189489,0.8792982329
6.4720000000,0.0591386072,-0.2269940608,0.4140805697,0.8794962213
6.4960000000,0.0559682643,-0.2258577929,0.4146041661,0.8797495076
6.5120000000,0.0538648622,-0.2250571334,0.4149363286,0.8799293759
6.5360000000,0.0507278832,-0.2237823414,0.4154081565,0.8802182735
6.5520000000,0.0486507457,-0.2228856889,0.4157058417,0.8804224712
6.5720000000,0.0460708551,-0.2217145678,0.4160600484,0.8806895951
6.5920000000,0.0435110258,-0.2204862426,0.4163928393,0.8809708343
6.6120000000,0.0409719057,-0.2192046877,0.4167060252,0.8812642603
6.6320000000,0.0384542686,-0.2178624013,0.4169985842,0.8815721321
6.6560000000,0.0354671385,-0.2161790541,0.4173406281,0.8819498278
6.6760000000,0.0330058364,-0.2147242952,0.4176194430,0.8822687190
6.6960000000,0.0305662261,-0.2132291682,0.4178830631,0.8825943424
6.7200000000,0.0276670559,-0.2113867057,0.4181823029,0.8829913681
6.7440000000,0.0247970580,-0.2095746688,0.4184706671,0.8833718724
6.7640000000,0.0224260079,-0.2081256066,0.4187071277,0.8836657441
6.7880000000,0.0196041059,-0.2064334389,0.4189825853,0.8839991558
6.8120000000,0.0168131608,-0.2047735099,0.4192816020,0.8843008908
6.8320000000,0.0144999147,-0.2034091830,0.4195217434,0.8845427992
6.8520000000,0.0121974828,-0.2020599690,0.4197542228,0.8847764592
6.8680000000,0.0103598494,-0.2009837320,0.4199237490,0.8849645518
6.8920000000,0.0076171718,-0.1993703993,0.4201568095,0.8852466763
6.9120000000,0.0053506218,-0.1980232128,0.4203374743,0.8854798619
6.9280000000,0.0035496356,-0.1969441945,0.4204737701,0.8856648311
6.9480000000,0.0013109264,-0.1955962895,0.4206360236,0.8858926056
6.9640000000,-0.0004677534,-0.1945198637,0.4207621571,0.8860705452
6.9880000000,-0.0031129205,-0.1929270326,0.4209493715,0.8863244871
7.0080000000,-0.0053039585,-0.1916867158,0.4211162226,0.8865039188
7.0320000000,-0.0079170883,-0.1902867397,0.4213270441,0.8866858510
7.0520000000,-0.0100800617,-0.1891761673,0.4215089925,0.8868150536
7.0680000000,-0.0118003989,-0.1883133946,0.4216580463,0.8869065949
7.0920000000,-0.0143529419,-0.1870481026,0.4219237816,0.8870103285
7.1120000000,-0.0164576866,-0.1860234068,0.4221538845,0.8870797791
7.1360000000,-0.0189583928,-0.1848225397,0.4224363037,0.8871464239
7.1520000000,-0.0206135014,-0.1840300324,0.4226203760,0.8871865917
7.1720000000,-0.0226647651,-0.1830414747,0.4228488327,0.8872322084
7.1920000000,-0.0246965001,-0.1820435760,0.4230742966,0.8872758077
7.2080000000,-0.0263086128,-0.1812280096,0.4232491695,0.8873130259
7.2280000000,-0.0283096478,-0.1801810658,0.4234631295,0.8873625670
7.2520000000,-0.0306876123,-0.1788781605,0.4237262062,0.8874215325
7.2680000000,-0.0322569288,-0.1779778563,0.4238964599,0.8874655850
7.2840000000,-0.0338107897,-0.1770497415,0.4240699448,0.8875105078
7.3040000000,-0.0357277392,-0.1758457569,0.4242907223,0.8875692544
7.3200000000,-0.0372413937,-0.1748473721,0.4244651023,0.8876208943
7.3400000000,-0.0391104928,-0.1735596928,0.4246795392,0.8876906507
7.3560000000,-0.0405831047,-0.1725132111,0.4248712653,0.8877367918
7.3760000000,-0.0424149751,-0.1712346336,0.4251160586,0.8877815085
7.4000000000,-0.0446134847,-0.1697529325,0.4254186457,0.8878133558
7.4200000000,-0.0464445504,-0.1685437846,0.4256824060,0.8878233978
7.4360000000,-0.0479056887,-0.1675778870,0.4259004308,0.8878240365
7.4560000000,-0.0497284066,-0.1663587622,0.4261683566,0.8878245207
7.4720000000,-0.0511844372,-0.1653696359,0.4263796744,0.8878251011
7.4960000000,-0.0533613171,-0.1638503209,0.4266669232,0.8878406269
7.5120000000,-0.0548098949,-0.1628115864,0.4268489618,0.8878559718
7.5320000000,-0.0566137174,-0.1614861887,0.4270708820,0.8878781220
7.5560000000,-0.0587687026,-0.1598550693,0.4273343755,0.8879064860
7.5720000000,-0.0602033910,-0.1587418179,0.4275010276,0.8879298724
7.5960000000,-0.0623481738,-0.1570343409,0.4277491859,0.8879659650
7.6120000000,-0.0637703613,-0.1558723433,0.4279175151,0.8879886001
7.6320000000,-0.0655438504,-0.1543952929,0.4281276794,0.8880162089
7.6480000000,-0.0669617302,-0.1531953502,0.4282872224,0.8880413090
7.6720000000,-0.0690814081,-0.1513676996,0.4285343499,0.8880731330
7.6920000000,-0.0708449573,-0.1498349967,0.4287493191,0.8880903598
7.7120000000,-0.0726316872,-0.1483544819,0.4289900272,0.8880783424
7.7280000000,-0.0740794735,-0.1472136433,0.4291949829,0.8880495715
7.7440000000,-0.0755367236,-0.1460964375,0.4293948201,0.8880147087
7.7640000000,-0.0773704639,-0.1447197080,0.4296590785,0.8879544435
7.7880000000,-0.0795831068,-0.1430816812,0.4299964277,0.8878610442
7.8040000000,-0.0810600525,-0.1419891682,0.4302313876,0.8877889936
7.8200000000,-0.0825325781,-0.1408916934,0.4304742043,0.8877104616
7.8400000000,-0.0843623003,-0.1395095932,0.4307910577,0.8876030308
7.8600000000,-0.0861717179,-0.1381041099,0.4311083398,0.8874949517
7.8800000000,-0.0879567544,-0.1366685001,0.4314170925,0.8873920344
7.9000000000,-0.0897160091,-0.1352068760,0.4317387279,0.8872833872
7.9200000000,-0.0914445912,-0.1337189891,0.4320827110,0.8871649506
7.9360000000,-0.0928052191,-0.1325142135,0.4323738780,0.8870625706
7.9520000000,-0.0941465756,-0.1313024769,0.4326769113,0.8869536472
7.9760000000,-0.0961219083,-0.1294754538,0.4331545401,0.8867772155
8.0040000000,-0.0983949858,-0.1273742129,0.4337461403,0.8865430178
8.0240000000,-0.1000325681,-0.1259464276,0.4342078750,0.8863376919
8.0480000000,-0.1019986939,-0.1242858789,0.4347940123,0.8860606377
8.0640000000,-0.1033035363,-0.1231938838,0.4351949957,0.8858650925
8.0840000000,-0.1049186814,-0.1218260352,0.4357095290,0.8856114802
8.1080000000,-0.1068217140,-0.1201590543,0.4363415146,0.8853005172
8.1240000000,-0.1080614788,-0.1190199791,0.4367661535,0.8850945082
8.1480000000,-0.1098761041,-0.1172587045,0.4374155148,0.8847854573
8.1720000000,-0.1116352878,-0.1154218158,0.4380796938,0.8844781223
8.1920000000,-0.1130572666,-0.1138292075,0.4386421932,0.8842250801
8.2160000000,-0.1147133763,-0.1118464475,0.4393417841,0.8839174227
8.2320000000,-0.1157890483,-0.1104789730,0.4398136568,0.8837144562
8.2480000000,-0.1168444509,-0.1090760556,0.4402884065,0.8835133884
8.2680000000,-0.1181356957,-0.1072693352,0.4408872659,0.8832642107
8.2880000000,-0.1193949966,-0.1054025336,0.4414979195,0.8830145683
8.3040000000,-0.1203820482,-0.1038670818,0.4419901698,0.8828162219
8.3240000000,-0.1215952015,-0.1019059679,0.4426094678,0.8825682068
8.3440000000,-0.1228330978,-0.0999567433,0.4432452885,0.8823005688
8.3680000000,-0.1243487279,-0.0976387904,0.4440060565,0.8819652387
8.3840000000,-0.1253705350,-0.0960873232,0.4445155461,0.8817343050
8.4040000000,-0.1266519584,-0.0941262068,0.4451552105,0.8814399453
8.4240000000,-0.1279339724,-0.0921309715,0.4458050495,0.8811371293
8.4400000000,-0.1289569860,-0.0905037126,0.4463246775,0.8808935554
8.4600000000,-0.1302297293,-0.0884283324,0.4469746982,0.8805874555
8.4840000000,-0.1317469406,-0.0858685424,0.4477566448,0.8802177708
8.5080000000,-0.1332508087,-0.0832310453,0.4485440482,0.8798437656
8.5240000000,-0.1342429006,-0.0814251509,0.4490663514,0.8795954755
8.5400000000,-0.1352240235,-0.0795793565,0.4495852952,0.8793489932
8.5600000000,-0.1364302811,-0.0772076796,0.4502286647,0.8790448806
8.5800000000,-0.1376112243,-0.0747592434,0.4508637427,0.8787468873
8.6080000000,-0.1392181200,-0.0711984084,0.4517418442,0.8783384359
8.6280000000,-0.1403313305,-0.0685639943,0.4523696205,0.8780477338
8.6520000000,-0.1416171782,-0.0653034903,0.4531110343,0.8777074795
8.6720000000,-0.1426757691,-0.0625362630,0.4537204781,0.8774226852
8.6880000000,-0.1435459021,-0.0603165854,0.4542060061,0.8771849221
8.7080000000,-0.1446502556,-0.0575218370,0.4548090558,0.8768787057
8.7240000000,-0.1455386046,-0.0552636808,0.4552843773,0.8766302390
8.7400000000,-0.1464226648,-0.0529835855,0.4557574910,0.8763779164
8.7560000000,-0.1472974027,-0.0506734040,0.4562157267,0.8761294950
8.7760000000,-0.1483712149,-0.0477410228,0.4567694364,0.8758244455
8.8000000000,-0.1496205183,-0.0441550418,0.4574203693,0.8754602438
8.8200000000,-0.1506197600,-0.0411093506,0.4579524697,0.8751589825
8.8400000000,-0.1515768432,-0.0380121222,0.4584806020,0.8748571750
8.8600000000,-0.1524899231,-0.0348694396,0.4590027009,0.8745555821
8.8760000000,-0.1531873772,-0.0323278670,0.4594155973,0.8743145003
8.8960000000,-0.1540177044,-0.0291150212,0.4599256590,0.8740133011
8.9160000000,-0.1547986788,-0.0258624029,0.4604149286,0.8737199772
8.9320000000,-0.1553841779,-0.0232331412,0.4608049247,0.8734842871
8.9520000000,-0.1560715298,-0.0199199661,0.4612924439,0.8731862079
8.9720000000,-0.1567613471,-0.0166187920,0.4617890965,0.8728691346
8.9960000000,-0.1576077370,-0.0127028146,0.4623806125,0.8724692596
9.0160000000,-0.1583152045,-0.0094538955,0.4628812059,0.8721169125
9.0360000000,-0.1590108753,-0.0062122539,0.4634039220,0.8717417935
9.0560000000,-0.1596861757,-0.0029738481,0.4639569761,0.8713411535
9.0760000000,-0.1603426935,0.0002615648,0.4645157954,0.8709277973
9.1000000000,-0.1610987165,0.0041442984,0.4651949632,0.8704158056
9.1200000000,-0.1617000077,0.0073696354,0.4657788674,0.8699705987
9.1440000000,-0.1623805266,0.0112373220,0.4664832729,0.8694248923
9.1640000000,-0.1629121419,0.0144551378,0.4670722798,0.8689615460
9.1880000000,-0.1635012102,0.0183087132,0.4678129187,0.8683796511
9.2040000000,-0.1638666857,0.0208729726,0.4683068449,0.8679865940
9.2200000000,-0.1642109075,0.0234327682,0.4687997026,0.8675900657
9.2360000000,-0.1645329760,0.0259849269,0.4692944898,0.8671887714
9.2520000000,-0.1648339705,0.0285324644,0.4697931149,0.8667814545
9.2680000000,-0.1651140395,0.0310736823,0.4702894960,0.8663714966
9.2840000000,-0.1653729446,0.0336059618,0.4707847310,0.8659585242
9.3040000000,-0.1657062976,0.0367417019,0.4714083607,0.8654280027
9.3240000000,-0.1660904089,0.0398227721,0.4720502473,0.8648680170
9.3440000000,-0.1665072835,0.0428642709,0.4726901047,0.8642927997
9.3680000000,-0.1670382994,0.0464760471,0.4734663029,0.8635785104
9.3840000000,-0.1673946307,0.0488654680,0.4739834809,0.8630937745
9.4080000000,-0.1679094414,0.0524316862,0.4747541997,0.8623605903
9.4280000000,-0.1683060920,0.0553889934,0.4753917571,0.8617469444
9.4480000000,-0.1686636098,0.0583304252,0.4760270387,0.8611320495
9.4720000000,-0.1690254725,0.0618432705,0.4767881669,0.8603945859
9.4880000000,-0.1692211873,0.0641765650,0.4772959625,0.8599035542
9.5040000000,-0.1693766792,0.0665023168,0.4778031942,0.8594143878
9.5200000000,-0.1694907003,0.0688192583,0.4783111069,0.8589268288
9.5400000000,-0.1695715352,0.0716998063,0.4789504713,0.8583187510
9.5560000000,-0.1695822657,0.0739922266,0.4794629194,0.8578358319
9.5800000000,-0.1695035524,0.0774105686,0.4802355230,0.8571172569
9.6000000000,-0.1693468512,0.0802347772,0.4808898934,0.8565214153
9.6200000000,-0.1690998773,0.0830321243,0.4815310769,0.8559431756
9.6400000000,-0.1688208427,0.0857891742,0.4821785174,0.8553616884
9.6560000000,-0.1686144610,0.0879532939,0.4827009268,0.8548878271
9.6840000000,-0.1682767941,0.0916611836,0.4836231263,0.8540432188
9.7040000000,-0.1680414145,0.0942593053,0.4842892079,0.8534291004
9.7240000000,-0.1677992891,0.0968219564,0.4849596883,0.8528088931
9.7400000000,-0.1676066047,0.0988475775,0.4855198019,0.8522955499
9.7600000000,-0.1673606535,0.1013513065,0.4862261009,0.8516469358
9.7760000000,-0.1671532283,0.1033352672,0.4867929943,0.8511252561
9.7960000000,-0.1668717817,0.1057969392,0.4875026187,0.8504716414
9.8120000000,-0.1666252335,0.1077516112,0.4880636515,0.8499526422
9.8320000000,-0.1662866052,0.1101776678,0.4887643367,0.8493050510
9.8480000000,-0.1659928721,0.1121037124,0.4893231603,0.8487885302
9.8680000000,-0.1655808044,0.1144937168,0.4900027809,0.8481576862
9.8840000000,-0.1652215131,0.1163923985,0.4905482227,0.8476538813
9.9000000000,-0.1648367651,0.1182795828,0.4910917141,0.8471527073
9.9240000000,-0.1642234604,0.1210851201,0.4919048488,0.8464033722
9.9480000000,-0.1636767362,0.1238439380,0.4927075427,0.8456428812
9.9720000000,-0.1632319931,0.1265552626,0.4934913023,0.8448700589
9.9920000000,-0.1629188971,0.1287861257,0.4941308366,0.8442193335
10.0080000000,-0.1627002835,0.1305569155,0.4946390538,0.8436917186
10.0240000000,-0.1625029404,0.1323195849,0.4951452023,0.8431580815
10.0400000000,-0.1623234054,0.1340765835,0.4956536820,0.8426161697
10.0560000000,-0.1621570368,0.1358291646,0.4961592098,0.8420698142
10.0720000000,-0.1619993396,0.1375776182,0.4966618935,0.8415198016
10.0920000000,-0.1618127318,0.1397595471,0.4972854984,0.8408275935
10.1120000000,-0.1616330372,0.1419443890,0.4979051645,0.8401291561
10.1280000000,-0.1614874182,0.1436952794,0.4984006558,0.8395655226
10.1440000000,-0.1613304986,0.1454478558,0.4988912442,0.8390023349
10.1640000000,-0.1611103611,0.1476432236,0.4994880176,0.8383058215
10.1880000000,-0.1608048096,0.1502849906,0.5001763775,0.8374842245
10.2040000000,-0.1605731948,0.1520485378,0.5006278736,0.8369403942
10.2200000000,-0.1603143529,0.1538149336,0.5010731448,0.8364006086
10.2400000000,-0.1599333733,0.1560186469,0.5016066849,0.8357453150
10.2560000000,-0.1595885338,0.1577848385,0.5020307918,0.8352248372
10.2720000000,-0.1592448083,0.1595527976,0.5024476210,0.8347037702
10.2920000000,-0.1588476369,0.1617654444,0.5029574634,0.8340462572
10.3080000000,-0.1585417301,0.1635399662,0.5033690855,0.8335099058
10.3320000000,-0.1580763775,0.1662186112,0.5039728037,0.8327032156
10.3520000000,-0.1576639026,0.1684684307,0.5044631960,0.8320320700
10.3720000000,-0.1572153298,0.1707350856,0.5049455769,0.8313620360
10.3920000000,-0.1567163574,0.1730229090,0.5054186809,0.8306954997
10.4120000000,-0.1561541444,0.1753297433,0.5058765492,0.8300387227
10.4320000000,-0.1555095503,0.1776566497,0.5063195799,0.8293945850
10.4520000000,-0.1547694465,0.1800058093,0.5067577488,0.8287586567
10.4720000000,-0.1539240730,0.1823771506,0.5071813453,0.8281382962
10.4880000000,-0.1531634965,0.1842872586,0.5075025875,0.8276595153
10.5080000000,-0.1521018709,0.1866906282,0.5078880021,0.8270800491
10.5360000000,-0.1504180556,0.1900805642,0.5083989617,0.8263015693
10.5560000000,-0.1490871504,0.1925149451,0.5087435593,0.8257669214
10.5760000000,-0.1476618183,0.1949580532,0.5090680256,0.8252497138
10.5960000000,-0.1461638883,0.1974111479,0.5093629256,0.8247510936
10.6200000000,-0.1443613199,0.2003775799,0.5096483747,0.8241766613
10.6360000000,-0.1431896282,0.2023685529,0.5098223282,0.8237869220
10.6560000000,-0.1417313282,0.2048697758,0.5100143169,0.8233018900
10.6720000000,-0.1405595368,0.2068777390,0.5101530456,0.8229146297
10.6920000000,-0.1390919442,0.2093891486,0.5103167749,0.8224271425
10.7080000000,-0.1379229109,0.2113949205,0.5104450574,0.8220312047
10.7280000000,-0.1364707886,0.2138895671,0.5106486108,0.8215016575
10.7440000000,-0.1353084050,0.2158720776,0.5108067251,0.8210769582
10.7640000000,-0.1338532533,0.2183328132,0.5110090988,0.8205387195
10.7840000000,-0.1323945735,0.2207682291,0.5112168538,0.8199941429
10.8000000000,-0.1312229620,0.2226975462,0.5113882703,0.8195537653
10.8160000000,-0.1300460113,0.2246102680,0.5115605413,0.8191117598
10.8360000000,-0.1285610886,0.2269752842,0.5117783498,0.8185579928
10.8520000000,-0.1273559406,0.2288459394,0.5119399425,0.8181243766
10.8760000000,-0.1255072522,0.2316127187,0.5121425420,0.8175044311
10.8960000000,-0.1239485151,0.2338793148,0.5123141145,0.8169892777
10.9120000000,-0.1226885931,0.2356652356,0.5124535685,0.8165786833
10.9280000000,-0.1214127978,0.2374246830,0.5125911663,0.8161732345
10.9480000000,-0.1197940452,0.2395838165,0.5127688068,0.8156697447
10.9680000000,-0.1181543393,0.2417007482,0.5129587983,0.8151647512
10.9880000000,-0.1165486730,0.2437892364,0.5131484340,0.8146544664
11.0040000000,-0.1153072343,0.2454458118,0.5132906090,0.8142440334
11.0280000000,-0.1134851450,0.2479057468,0.5135134780,0.8136140181
11.0480000000,-0.1119805586,0.2499252892,0.5137104611,0.8130801107
11.0640000000,-0.1107749244,0.2515188090,0.5138769118,0.8126485860
11.0840000000,-0.1092524124,0.2534825942,0.5140968027,0.8121052655
11.1080000000,-0.1073880522,0.2557935804,0.5143758998,0.8114523302
11.1240000000,-0.1061152666,0.2573027427,0.5145695256,0.8110197606
11.1440000000,-0.1044830256,0.2591570309,0.5148387353,0.8104702384
11.1640000000,-0.1028017294,0.2609712427,0.5151215346,0.8099232183
11.1880000000,-0.1007149789,0.2630926034,0.5154788726,0.8092714668
11.2120000000,-0.0985544453,0.2651531999,0.5158589694,0.8086224865
11.2320000000,-0.0967100205,0.2668295645,0.5161990303,0.8080765537
11.2560000000,-0.0944448931,0.2687937789,0.5166279911,0.8074190891
11.2720000000,-0.0929033840,0.2700705295,0.5169247574,0.8069818248
11.2920000000,-0.0909357690,0.2716261106,0.5173066861,0.8064389217
11.3120000000,-0.0889310890,0.2731419624,0.5176960210,0.8059004651
11.3360000000,-0.0865563642,0.2749477892,0.5181583922,0.8052475331
11.3560000000,-0.0845825928,0.2764356343,0.5185319973,0.8047072094
11.3760000000,-0.0825915205,0.2778974381,0.5189007071,0.8041726872
11.3920000000,-0.0809789701,0.2790425835,0.5191980657,0.8037481021
11.4120000000,-0.0789322736,0.2804394056,0.5195669510,0.8032270036
11.4320000000,-0.0768460401,0.2817908302,0.5199308398,0.8027207086
11.4560000000,-0.0742909578,0.2833486497,0.5203824029,0.8021200353
11.4760000000,-0.0721254887,0.2845955191,0.5207739272,0.8016219939
11.4960000000,-0.0699343367,0.2857957086,0.5211760331,0.8011276702
11.5120000000,-0.0681699026,0.2867239548,0.5215093802,0.8007310437
11.5320000000,-0.0659541895,0.2878464927,0.5219416711,0.8002320498
11.5560000000,-0.0632914594,0.2891395624,0.5224833120,0.7996272215
11.5800000000,-0.0606466895,0.2903776265,0.5230812736,0.7989923618
11.6000000000,-0.0584634359,0.2913730565,0.5235977071,0.7984542627
11.6280000000,-0.0555359527,0.2927758613,0.5243287195,0.7976700113
11.6440000000,-0.0539491376,0.2935947766,0.5247519076,0.7971994939
11.6680000000,-0.0516543058,0.2948309923,0.5253961578,0.7964705871
11.6880000000,-0.0498069347,0.2958601714,0.5259394473,0.7958478033
11.7080000000,-0.0480079227,0.2968822669,0.5264907640,0.7952129490
11.7240000000,-0.0465935957,0.2976917281,0.5269205622,0.7947096281
11.7400000000,-0.0452089960,0.2984993920,0.5273682233,0.7941895345
11.7600000000,-0.0435030124,0.2994975455,0.5279352703,0.7935320148
11.7800000000,-0.0418158671,0.3004786242,0.5285114083,0.7928680350
11.7960000000,-0.0404728314,0.3012515151,0.5289760811,0.7923343866
11.8200000000,-0.0384663391,0.3023847013,0.5296886193,0.7915262471
11.8400000000,-0.0367931532,0.3033007045,0.5302972630,0.7908474944
11.8600000000,-0.0351118178,0.3041898595,0.5309189526,0.7901650178
11.8760000000,-0.0337591458,0.3048811554,0.5314264653,0.7896161809
11.8920000000,-0.0324001156,0.3055557089,0.5319429595,0.7890644011
11.9200000000,-0.0299976098,0.3066977631,0.5328680645,0.7880915247
11.9360000000,-0.0286141915,0.3073310602,0.5334180661,0.7875239769
11.9560000000,-0.0269179632,0.3081400183,0.5341113723,0.7867974291
11.9840000000,-0.0246280533,0.3093345979,0.5350788133,0.7857456516
12.0000000000,-0.0233416559,0.3100404241,0.5356312141,0.7851301198
12.0200000000,-0.0217398179,0.3109423548,0.5363225540,0.7843470854
12.0400000000,-0.0201334903,0.3118583913,0.5370134782,0.7835531319
12.0560000000,-0.0188379268,0.3125978683,0.5375661813,0.7829114292
12.0720000000,-0.0175275598,0.3133399217,0.5381202428,0.7822643302
12.0880000000,-0.0161972747,0.3140827200,0.5386764043,0.7816120679
12.1120000000,-0.0141540692,0.3151915650,0.5395126274,0.7806279937
12.1280000000,-0.0127563413,0.3159236656,0.5400721840,0.7799689413
12.1440000000,-0.0113302592,0.3166507881,0.5406397534,0.7793026118
12.1640000000,-0.0095078574,0.3175497313,0.5413580142,0.7784621181
12.1800000000,-0.0080185166,0.3182603074,0.5419381460,0.7777847556
12.1960000000,-0.0065032889,0.3189628029,0.5425218790,0.7771038852
12.2240000000,-0.0037895754,0.3201720420,0.5435499430,0.7759052533
12.2440000000,-0.0018010727,0.3210151405,0.5442846929,0.7750485203
12.2680000000,0.0006341164,0.3220054083,0.5451755539,0.7740127456
12.2840000000,0.0022644797,0.3226721977,0.5457806738,0.7733052315
12.3080000000,0.0046676326,0.3237393771,0.5466916115,0.7722041898
12.3240000000,0.0062522627,0.3244884943,0.5472939920,0.7714514973
12.3440000000,0.0082260357,0.3254553753,0.5480457819,0.7704913705
12.3640000000,0.0102048734,0.3264460050,0.5487905702,0.7695178857
12.3880000000,0.0125944582,0.3276488956,0.5496842446,0.7683324880
12.4120000000,0.0150134561,0.3288520862,0.5505805739,0.7671322788
12.4360000000,0.0174709895,0.3300397154,0.5514950422,0.7659123770
12.4600000000,0.0199732906,0.3311901286,0.5524282113,0.7646811347
12.4760000000,0.0216682854,0.3319267270,0.5530597991,0.7638586203
12.5000000000,0.0242438696,0.3329804960,0.5540354972,0.7626145107
12.5160000000,0.0259922262,0.3336433599,0.5546984863,0.7617848133
12.5320000000,0.0277661605,0.3342723598,0.5553710810,0.7609559726
12.5480000000,0.0295663445,0.3348659972,0.5560539488,0.7601280163
12.5680000000,0.0318499641,0.3355601616,0.5569299964,0.7590875686
12.5840000000,0.0337014546,0.3360797322,0.5576445767,0.7582526964
12.6000000000,0.0355747972,0.3365674690,0.5583664127,0.7574191190
12.6200000000,0.0379337643,0.3371544962,0.5592740728,0.7563731796
12.6400000000,0.0402720652,0.3377744716,0.5601864753,0.7552997286
12.6560000000,0.0421382323,0.3382861699,0.5609186291,0.7544250315
12.6720000000,0.0440141997,0.3387989897,0.5616490557,0.7535438494
12.6920000000,0.0463829885,0.3394284982,0.5625607202,0.7524376047
12.7160000000,0.0492735420,0.3401510510,0.5636684508,0.7510973692
12.7360000000,0.0517365175,0.3407075058,0.5645957945,0.7499822112
12.7560000000,0.0542546018,0.3412178016,0.5655237539,0.7488723081
12.7720000000,0.0563105381,0.3415912519,0.5662674727,0.7479877601
12.7880000000,0.0584025023,0.3419354048,0.5670107907,0.7471064783
12.8120000000,0.0616098743,0.3423984349,0.5681257491,0.7457886218
12.8280000000,0.0637948607,0.3426678755,0.5688692479,0.7449139022
12.8480000000,0.0665766657,0.3429547371,0.5698088928,0.7438194819
12.8640000000,0.0688403529,0.3431421896,0.5705617029,0.7429493837
12.8840000000,0.0717168828,0.3433322472,0.5715024157,0.7418656520
12.9040000000,0.0746457787,0.3434781735,0.5724442235,0.7407822643
12.9240000000,0.0776002596,0.3436378893,0.5733772860,0.7396821538
12.9440000000,0.0805687125,0.3438448801,0.5742887193,0.7385606596
12.9600000000,0.0829578758,0.3440376694,0.5750029649,0.7376500954
12.9800000000,0.0859703407,0.3442984337,0.5758713748,0.7365051586
12.9960000000,0.0884117427,0.3445125198,0.5765280322,0.7356017370
13.0120000000,0.0908758653,0.3447337507,0.5771738282,0.7346908127
13.0280000000,0.0933634157,0.3449608173,0.5778091239,0.7337723921
13.0520000000,0.0971420738,0.3453089201,0.5787392674,0.7323837980
13.0680000000,0.0996971479,0.3455417148,0.5793431708,0.7314525907
13.0880000000,0.1029269130,0.3458319643,0.5800875518,0.7302771633
13.1080000000,0.1061906640,0.3461218345,0.5808233907,0.7290866940
13.1280000000,0.1094834831,0.3464080985,0.5815521811,0.7278817602
13.1520000000,0.1134702124,0.3467438143,0.5824132507,0.7264213953
13.1720000000,0.1168181445,0.3470161829,0.5831202739,0.7251924132
13.1920000000,0.1201895445,0.3472816137,0.5838168009,0.7239529661
13.2120000000,0.1235828281,0.3475379150,0.5845066242,0.7227009676
13.2320000000,0.1269986755,0.3477793555,0.5851884329,0.7214397787
13.2560000000,0.1311254205,0.3480444159,0.5859952496,0.7199172009
13.2720000000,0.1338903534,0.3482015220,0.5865259804,0.7188994002
13.2960000000,0.1380427378,0.3484417079,0.5873005668,0.7173636616
13.3160000000,0.1414905273,0.3486933137,0.5879160987,0.7160642880
13.3360000000,0.1449342531,0.3489660093,0.5885106116,0.7147531368
13.3560000000,0.1483762068,0.3492382463,0.5890925414,0.7134333369
13.3760000000,0.1518148226,0.3494954646,0.5896613341,0.7121128358
13.3960000000,0.1552460599,0.3497246544,0.5902199899,0.7107965184
13.4240000000,0.1600296390,0.3499826691,0.5910123766,0.7089478237
13.4440000000,0.1634354298,0.3501050419,0.5915723627,0.7076421834
13.4680000000,0.1675014053,0.3501739619,0.5922407597,0.7060965644
13.4880000000,0.1708618121,0.3501614528,0.5927976988,0.7048291187
13.5040000000,0.1735297864,0.3501039608,0.5932435614,0.7038300269
13.5280000000,0.1774944805,0.3499339368,0.5939138370,0.7023590987
13.5520000000,0.1814089036,0.3496682991,0.5945863920,0.7009207607
13.5760000000,0.1852657646,0.3493152278,0.5952604029,0.6995144893
13.5960000000,0.1884317359,0.3489601533,0.5958230706,0.6983660651
13.6200000000,0.1921783312,0.3484574222,0.5964907194,0.6970249175
13.6400000000,0.1952428426,0.3480542152,0.5970353597,0.6959075190
13.6560000000,0.1976548495,0.3477589933,0.5974586878,0.6950103304
13.6720000000,0.2000335256,0.3474737526,0.5978743554,0.6941144250
13.6960000000,0.2035352471,0.3470584969,0.5985012352,0.6927626393
13.7160000000,0.2063910355,0.3467163613,0.5990187028,0.6916408742
13.7320000000,0.2086306834,0.3464402059,0.5994309044,0.6907496019
13.7520000000,0.2113745003,0.3460829754,0.5999453068,0.6896470283
13.7720000000,0.2140583458,0.3457060094,0.6004549318,0.6885639073
13.7880000000,0.2161598763,0.3453891127,0.6008639521,0.6877090808
13.8040000000,0.2182208590,0.3450597411,0.6012733003,0.6868652343
13.8200000000,0.2202458636,0.3447128711,0.6016717365,0.6860436703
13.8400000000,0.2227309292,0.3442478535,0.6021586225,0.6850469633
13.8560000000,0.2246801811,0.3438537775,0.6025506547,0.6842631836
13.8800000000,0.2275408260,0.3432245207,0.6031466792,0.6831077399
13.9040000000,0.2303259256,0.3425406803,0.6037492536,0.6819843761
13.9200000000,0.2321425667,0.3420678570,0.6041532666,0.6812475618
13.9400000000,0.2343710336,0.3415153987,0.6046477698,0.6803223688
13.9600000000,0.2365582453,0.3409932076,0.6051293577,0.6793984761
13.9760000000,0.2382821410,0.3405823724,0.6055026621,0.6786691352
13.9920000000,0.2399769359,0.3401710446,0.6058808946,0.6779403161
14.0160000000,0.2424629144,0.3395241355,0.6064526063,0.6768680321
14.0320000000,0.2440793908,0.3390575878,0.6068386813,0.6761745470
14.0480000000,0.2456638765,0.3385508936,0.6072305382,0.6755024986
14.0720000000,0.2479775350,0.3377023267,0.6078372823,0.6745354838
14.0880000000,0.2494765508,0.3370653221,0.6082554727,0.6739241049
14.1040000000,0.2509380337,0.3363628361,0.6086866775,0.6733429100
14.1240000000,0.2527131992,0.3353904104,0.6092447067,0.6726590510
14.1480000000,0.2547620603,0.3340799515,0.6099457406,0.6719025763
14.1720000000,0.2567156203,0.3326149166,0.6106788945,0.6712195582
14.1920000000,0.2582786685,0.3313554349,0.6112981377,0.6706789783
14.2120000000,0.2597808297,0.3300693815,0.6119252982,0.6701608414
14.2280000000,0.2609233212,0.3289611700,0.6124498413,0.6697826222
14.2440000000,0.2620045068,0.3277660269,0.6130116081,0.6694324749
14.2640000000,0.2632853883,0.3262038349,0.6137352439,0.6690298296
14.2840000000,0.2644939216,0.3246190320,0.6144725040,0.6686471352
14.3040000000,0.2656275149,0.3229979685,0.6152259994,0.6682898363
14.3200000000,0.2664798881,0.3216707990,0.6158414977,0.6680236643
14.3400000000,0.2674753604,0.3199683579,0.6166273769,0.6677183984
14.3640000000,0.2685631406,0.3178479835,0.6176046570,0.6673911796
14.3840000000,0.2693706975,0.3160036367,0.6184581016,0.6671511864
14.4040000000,0.2700894356,0.3140866990,0.6193376113,0.6669498973
14.4240000000,0.2707182350,0.3120969918,0.6202443386,0.6667863716
14.4400000000,0.2711535034,0.3104525653,0.6209895646,0.6666835403
14.4640000000,0.2716926801,0.3078973953,0.6221392988,0.6665770581
14.4840000000,0.2720352742,0.3056931142,0.6231324373,0.6665241895
14.5080000000,0.2723159573,0.3029621388,0.6243709007,0.6664975170
14.5280000000,0.2724412990,0.3006050867,0.6254299728,0.6665205695
14.5480000000,0.2724660366,0.2981729769,0.6265210861,0.6665781750
14.5680000000,0.2723856318,0.2956502899,0.6276477565,0.6666747839
14.5920000000,0.2721499847,0.2924956290,0.6290503025,0.6668406179
14.6120000000,0.2718413180,0.2897570125,0.6302611554,0.6670187760
14.6320000000,0.2714329219,0.2869314889,0.6315064998,0.6672286193
14.6520000000,0.2709489542,0.2840926850,0.6327718525,0.6674412283
14.6720000000,0.2703888924,0.2812364029,0.6340625120,0.6676531012
14.6920000000,0.2697383346,0.2783233015,0.6353821119,0.6678824317
14.7120000000,0.2689813650,0.2753235446,0.6367390526,0.6681387206
14.7360000000,0.2679180249,0.2716060932,0.6384224696,0.6684809739
14.7560000000,0.2668977180,0.2684015411,0.6398736485,0.6687958843
14.7720000000,0.2659942670,0.2657644872,0.6410639626,0.6690689674
14.7880000000,0.2650115556,0.2630589601,0.6422814674,0.6693604227
14.8120000000,0.2633888931,0.2588666943,0.6441528095,0.6698369082
14.8280000000,0.2622042467,0.2559789135,0.6454331334,0.6701789307
14.8480000000,0.2606093144,0.2522679235,0.6470702000,0.6706294329
14.8760000000,0.2581550351,0.2468874892,0.6494352768,0.6712945455
14.9000000000,0.2558501708,0.2421113607,0.6515349869,0.6718816413
14.9200000000,0.2537914316,0.2380184701,0.6533266662,0.6723848484
14.9400000000,0.2516106451,0.2338286046,0.6551556165,0.6728947801
14.9600000000,0.2493095116,0.2295454258,0.6570164407,0.6734115099
14.9800000000,0.2469206249,0.2252218026,0.6588933033,0.6739176207
14.9960000000,0.2449561511,0.2217470582,0.6604012179,0.6743107278
15.0160000000,0.2424245050,0.2173731348,0.6623058294,0.6747816447
15.0360000000,0.2397992926,0.2129531169,0.6642454099,0.6752224112
15.0560000000,0.2370757108,0.2084751937,0.6662083343,0.6756475829
15.0800000000,0.2336677475,0.2030252695,0.6686007148,0.6761310582
15.1040000000,0.2300952679,0.1974945037,0.6710469494,0.6765708244
15.1200000000,0.2276186342,0.1937605808,0.6726909451,0.6768555881
15.1400000000,0.2244198934,0.1890424756,0.6747662729,0.6771920930
15.1560000000,0.2217791650,0.1852293160,0.6764334317,0.6774525186
15.1760000000,0.2183757409,0.1804223794,0.6785332044,0.6777554805
15.1920000000,0.2155733653,0.1765503492,0.6802236516,0.6779777889
15.2080000000,0.2127003714,0.1726597615,0.6819230196,0.6781800308
15.2240000000,0.2097613761,0.1687570501,0.6836325095,0.6783567020
15.2440000000,0.2059949720,0.1638559102,0.6857695008,0.6785554538
15.2640000000,0.2021384019,0.1589556011,0.6879131278,0.6787110666
15.2840000000,0.1982212900,0.1541000865,0.6900562803,0.6788105874
15.3040000000,0.1942449203,0.1492876880,0.6922015352,0.6788513326
15.3200000000,0.1910209366,0.1454675577,0.6939182611,0.6788428672
15.3400000000,0.1869349171,0.1407285466,0.6960642397,0.6787822825
15.3560000000,0.1836156452,0.1369525472,0.6977621643,0.6787173614
15.3760000000,0.1794000683,0.1322505677,0.6998605552,0.6786166858
15.3960000000,0.1751184633,0.1275851208,0.7019596632,0.6784601625
15.4200000000,0.1698993233,0.1220453326,0.7044806923,0.6781932696
15.4440000000,0.1646030263,0.1165869722,0.7069989843,0.6778390353
15.4680000000,0.1592479648,0.1112297977,0.7095210769,0.6773830964
15.4880000000,0.1547441330,0.1068479356,0.7116190350,0.6769314005
15.5040000000,0.1511180573,0.1033985123,0.7132848791,0.6765328977
15.5240000000,0.1465659118,0.0991603136,0.7153656205,0.6759716671
15.5440000000,0.1419987584,0.0950049121,0.7174469000,0.6753372231
15.5640000000,0.1374196465,0.0909342357,0.7195287865,0.6746296250
15.5960000000,0.1300920428,0.0846159982,0.7228602491,0.6733418549
15.6120000000,0.1264391341,0.0815516739,0.7245168005,0.6726350241
15.6280000000,0.1228057284,0.0785604444,0.7261731777,0.6718776121
15.6520000000,0.1173846209,0.0741995981,0.7286565056,0.6706526428
15.6720000000,0.1128871249,0.0706656339,0.7307284002,0.6695512455
15.6880000000,0.1093052756,0.0679005916,0.7323873257,0.6686184798
15.7120000000,0.1038108006,0.0636917502,0.7348915923,0.6671589213
15.7320000000,0.0976838107,0.0585763693,0.7370959881,0.6661202492
15.7560000000,0.0862992784,0.0482776926,0.7399618268,0.6653406600
15.7760000000,0.0737500258,0.0366907903,0.7423761452,0.6649002772
15.7960000000,0.0594473499,0.0235516808,0.7446365294,0.6644003086
15.8240000000,0.0384762002,0.0046959010,0.7473551656,0.6632931380
15.8440000000,0.0238947111,-0.0080083831,0.7489711527,0.6621231917
15.8600000000,0.0129174914,-0.0172778825,0.7501047424,0.6609670858
15.8840000000,-0.0020289477,-0.0293704380,0.7516328721,0.6589243404
15.9040000000,-0.0128714975,-0.0376294902,0.7528498838,0.6569896487
15.9240000000,-0.0221217366,-0.0441733100,0.7540958568,0.6549036465
15.9400000000,-0.0284216454,-0.0482594717,0.7551660588,0.6531366297
15.9600000000,-0.0349626236,-0.0520096476,0.7566083990,0.6508581582
15.9760000000,-0.0391188797,-0.0539421585,0.7578640852,0.6490007590
15.9960000000,-0.0429901488,-0.0550699711,0.7595716658,0.6466606760
16.0160000000,-0.0453576369,-0.0547943156,0.7614679979,0.6442877897
16.0400000000,-0.0462775051,-0.0527257074,0.7639923737,0.6414000665
16.0600000000,-0.0456571891,-0.0497889019,0.7662712865,0.6389560250
16.0760000000,-0.0444195482,-0.0468142711,0.7681929890,0.6369575020
16.0920000000,-0.0425885792,-0.0433554416,0.7701814142,0.6349229149
16.1200000000,-0.0382210123,-0.0363967394,0.7737644594,0.6312709346
16.1360000000,-0.0351584351,-0.0319993850,0.7758529814,0.6291200800
16.1560000000,-0.0308840544,-0.0261959498,0.7784819025,0.6263592219
16.1720000000,-0.0271674799,-0.0213598586,0.7805883386,0.6240893607
16.1920000000,-0.0222562466,-0.0151638903,0.7832076471,0.6211767039
16.2080000000,-0.0181814265,-0.0101395118,0.7852814455,0.6187888795
16.2240000000,-0.0140171527,-0.0050839389,0.7873232555,0.6163600931
16.2440000000,-0.0087568179,0.0012215040,0.7898297497,0.6132624173
16.2680000000,-0.0024458949,0.0087074216,0.7927762084,0.6094457169
16.2880000000,0.0027343907,0.0148218392,0.7951727081,0.6061956784
16.3040000000,0.0067892454,0.0196061863,0.7970528598,0.6035530153
16.3240000000,0.0117122755,0.0254327660,0.7993613394,0.6001978391
16.3440000000,0.0164265930,0.0310611664,0.8016257020,0.5967927655
16.3600000000,0.0200261485,0.0354113373,0.8034052162,0.5940412858
16.3760000000,0.0234595928,0.0396171572,0.8051606193,0.5912668648
16.4000000000,0.0282788359,0.0456441356,0.8077550314,0.5870679089
16.4240000000,0.0326712715,0.0513147885,0.8103141361,0.5828296332
16.4440000000,0.0359921630,0.0557577577,0.8124260680,0.5792749957
16.4640000000,0.0389974501,0.0599411439,0.8145241898,0.5757053086
16.4800000000,0.0411724155,0.0631012621,0.8161922639,0.5728466210
16.5040000000,0.0440554759,0.0675325607,0.8186733765,0.5685704625
16.5200000000,0.0457311045,0.0702813448,0.8203258374,0.5657161118
16.5400000000,0.0475826574,0.0735101237,0.8223914869,0.5621426818
16.5600000000,0.0491729533,0.0765169075,0.8244607419,0.5585621440
16.5840000000,0.0507514929,0.0798402580,0.8269552764,0.5542515584
16.6040000000,0.0517963602,0.0823733583,0.8290429893,0.5506536922
16.6240000000,0.0526163656,0.0847054403,0.8311351941,0.5470564830
16.6480000000,0.0533077148,0.0872445750,0.8336492135,0.5427482478
16.6680000000,0.0536385394,0.0891397334,0.8357620423,0.5391463842
16.6840000000,0.0537594602,0.0905204920,0.8374633881,0.5362565007
16.7040000000,0.0537700347,0.0921028757,0.8396063818,0.5326227251
16.7200000000,0.0536796082,0.0932643632,0.8413324833,0.5296979430
16.7480000000,0.0533540878,0.0950965688,0.8443674791,0.5245508023
16.7680000000,0.0530065314,0.0962586724,0.8465528832,0.5208385465
16.7920000000,0.0525285846,0.0975311385,0.8491986405,0.5163236328
16.8160000000,0.0521540245,0.0987647866,0.8518501482,0.5117389957
16.8360000000,0.0519414349,0.0997780538,0.8540623345,0.5078621428
16.8520000000,0.0517950130,0.1005593611,0.8558313365,0.5047353910
16.8680000000,0.0516538083,0.1013109582,0.8575983834,0.5015904570
16.8920000000,0.0514138914,0.1023638737,0.8602528035,0.4968333354
16.9120000000,0.0511656304,0.1031692224,0.8624630172,0.4928445330
16.9320000000,0.0508535304,0.1039055112,0.8646726010,0.4888341807
16.9560000000,0.0503802880,0.1046952489,0.8673262245,0.4839896194
16.9760000000,0.0498948952,0.1052732340,0.8695397109,0.4799257617
